feature,modeling_type,description,category,feature_group
user_id,ключ,ID клиента (синтетический),ключ,
app_children_cnt,numerical,Количество детей,Соцдем,Депозиты/Зарплаты/Анкеты
app_dependent_cnt,numerical,Количество иждивенцев,Соцдем,Депозиты/Зарплаты/Анкеты
app_family_cnt,numerical,Количество членов семьи,Соцдем,Депозиты/Зарплаты/Анкеты
app_income_app,numerical,Доход клиента анкетный среднемесячный,Соцдем,Депозиты/Зарплаты/Анкеты
app_real_estate_ind,categorical,Наличие недвижимости,Соцдем,Депозиты/Зарплаты/Анкеты
app_vehicle_ind,categorical,Наличие авто,Соцдем,Депозиты/Зарплаты/Анкеты
avg_dep_avg_balance_12month_amt,numerical,"Средний остаток по всем счетам клиента за последние 12 мес, руб  (по всем счетам). Средний за период (12мес)",Депозиты и счета,Депозиты/Зарплаты/Анкеты
avg_dep_avg_balance_12month_amt_term,numerical,"Средний остаток по срочным депозитам клиента за последние 12 мес, руб (только срочные депозиты). Средний за период",Депозиты и счета,Депозиты/Зарплаты/Анкеты
avg_dep_avg_balance_12month_amt_term_savings,numerical,"Средний остаток по срочным депозитам  и накопительным счетам  клиента за последние 12 мес, руб (срочные+накопительные). Средний за период",Депозиты и счета,Депозиты/Зарплаты/Анкеты
avg_dep_avg_balance_1month_amt,numerical,"Средний остаток по всем счетам клиента за последний месяц, руб (по всем счетам). Средний за период (месяц)",Депозиты и счета,Депозиты/Зарплаты/Анкеты
avg_dep_avg_balance_1month_amt_term,numerical,"Средний остаток по срочным депозитам  клиента за последний месяц, руб (только срочные депозиты). Средний за период",Депозиты и счета,Депозиты/Зарплаты/Анкеты
avg_dep_avg_balance_1month_amt_term_savings,numerical,"Средний остаток по срочным депозитам  и накопительным счетам клиента за последний месяц, руб (срочные+накопительные). Средний за период",Депозиты и счета,Депозиты/Зарплаты/Анкеты
avg_dep_avg_balance_3month_amt,numerical,"Средний остаток по всем счетам клиента за последние 3 мес, руб (по всем счетам). Средний за период ( 3 мес)",Депозиты и счета,Депозиты/Зарплаты/Анкеты
avg_dep_avg_balance_3month_amt_term,numerical,"Средний остаток по срочным депозитам клиента за последние 3 мес, руб (только срочные депозиты). Средний за период",Депозиты и счета,Депозиты/Зарплаты/Анкеты
avg_dep_avg_balance_3month_amt_term_savings,numerical,"Средний остаток по срочным депозитам  и накопительным счетам клиента за последние 3 мес, руб (срочные+накопительные). Средний за период",Депозиты и счета,Депозиты/Зарплаты/Анкеты
avg_dep_avg_balance_6month_amt,numerical,"Средний остаток по всем счетам клиента за последние 6 мес, руб  (по всем счетам). Средний за период (6мес)",Депозиты и счета,Депозиты/Зарплаты/Анкеты
avg_dep_avg_balance_6month_amt_term,numerical,"Средний остаток по срочным депозитам клиента за последние 6 мес, руб (только срочные депозиты). Средний за период",Депозиты и счета,Депозиты/Зарплаты/Анкеты
avg_dep_avg_balance_6month_amt_term_savings,numerical,"Средний остаток по срочным депозитам  и накопительным счетам  клиента за последние 6 мес, руб (срочные+накопительные). Средний за период",Депозиты и счета,Депозиты/Зарплаты/Анкеты
avg_dep_avg_balance_fact_12month_amt,numerical,"Средний остаток по всем счетам клиента за последние 12 мес, руб  (по всем счетам). Средний, когда остаток > 0 в течение периода",Депозиты и счета,Депозиты/Зарплаты/Анкеты
avg_dep_avg_balance_fact_12month_amt_term,numerical,"Средний остаток по срочным депозитам клиента за последние 12 мес, руб (только срочные депозиты). Средний, когда остаток был > 0 в течение периода",Депозиты и счета,Депозиты/Зарплаты/Анкеты
avg_dep_avg_balance_fact_12month_amt_term_savings,numerical,"Средний остаток по срочным депозитам  и накопительным счетам  клиента за последние 12 мес, руб (срочные+накопительные). Средний, когда остаток был > 0 в течение периода",Депозиты и счета,Депозиты/Зарплаты/Анкеты
avg_dep_avg_balance_fact_1month_amt,numerical,"Средний остаток по всем счетам клиента за последний месяц, руб (по всем счетам). Средний, когда остаток был > 0 в течение периода",Депозиты и счета,Депозиты/Зарплаты/Анкеты
avg_dep_avg_balance_fact_1month_amt_term,numerical,"Средний остаток по срочным депозитам  клиента за последний месяц, руб (только срочные депозиты)",Депозиты и счета,Депозиты/Зарплаты/Анкеты
avg_dep_avg_balance_fact_1month_amt_term_savings,numerical,"Средний остаток по срочным депозитам  и накопительным счетам  клиента за последний месяц, руб (срочные+накопительные)",Депозиты и счета,Депозиты/Зарплаты/Анкеты
avg_dep_avg_balance_fact_3month_amt,numerical,"Средний остаток по всем счетам клиента за последние 3 мес, руб (по всем счетам). Средний, когда остаток был > 0 в течение периода",Депозиты и счета,Депозиты/Зарплаты/Анкеты
avg_dep_avg_balance_fact_3month_amt_term,numerical,"Средний остаток по срочным депозитам клиента за последние 3 мес, руб (только срочные депозиты). Средний, когда остаток был > 0 в течение периода",Депозиты и счета,Депозиты/Зарплаты/Анкеты
avg_dep_avg_balance_fact_3month_amt_term_savings,numerical,"Средний остаток по срочным депозитам  и накопительным счетам клиента за последние 3 мес, руб (срочные+накопительные). Средний, когда остаток был > 0 в течение периода",Депозиты и счета,Депозиты/Зарплаты/Анкеты
avg_dep_avg_balance_fact_6month_amt,numerical,"Средний остаток по всем счетам клиента за последние 6 мес, руб  (по всем счетам). Средний, когда остаток > 0 в течение периода",Депозиты и счета,Депозиты/Зарплаты/Анкеты
avg_dep_avg_balance_fact_6month_amt_term,numerical,"Средний остаток по срочным депозитам клиента за последние 6 мес, руб (только срочные депозиты). Средний, когда остаток был > 0 в течение периода",Депозиты и счета,Депозиты/Зарплаты/Анкеты
avg_dep_avg_balance_fact_6month_amt_term_savings,numerical,"Средний остаток по срочным депозитам  и накопительным счетам  клиента за последние 6 мес, руб (срочные+накопительные). Средний, когда остаток был > 0 в течение периода",Депозиты и счета,Депозиты/Зарплаты/Анкеты
avg_sum_cls2op,numerical,Среднее отношение суммы депозита при закрытии договора к сумме при открытии (только по срочным депозитам),Депозиты и счета,Депозиты/Зарплаты/Анкеты
avg_sum_nws2op,numerical,Среднее отношение текущей суммы депозита к сумме при открытии (только по срочным депозитам),Депозиты и счета,Депозиты/Зарплаты/Анкеты
brand_nm,categorical,Бренд авто,Соцдем,Депозиты/Зарплаты/Анкеты
cnt_account_5y,numerical,"Количество бессрочных депозитов (""до востребования"") за последние 5 лет",Депозиты и счета,Депозиты/Зарплаты/Анкеты
cnt_dep_5y,numerical,"Количество срочных депозитов (т.е. имеющих срок, не ""до востребования""), открытых за последние 5 лет",Депозиты и счета,Депозиты/Зарплаты/Анкеты
cnt_dep_6m,numerical,"Количество срочных депозитов (т.е. имеющих срок, не ""до востребования""), открытых за последние 6 месяцев",Депозиты и счета,Депозиты/Зарплаты/Анкеты
cnt_dep_act,numerical,"Количество активных срочных депозитов, имеющих текущий остаток более 1000р",Депозиты и счета,Депозиты/Зарплаты/Анкеты
cnt_dep_closed_5y,numerical,"Количество срочных депозитов, открытых за последние 5 лет, и закрытых на текущий момент",Депозиты и счета,Депозиты/Зарплаты/Анкеты
cnt_early_withdraw_5y,numerical,"Количество срочных депозитов, изъятых досрочно (среди открытых за последние 5 лет)",Депозиты и счета,Депозиты/Зарплаты/Анкеты
cnt_foreign_cur_5y,numerical,Количество срочных депозитов в иностранной валюте за последние 5 лет,Депозиты и счета,Депозиты/Зарплаты/Анкеты
cnt_grow_5y,numerical,"Количество срочных депозитов, где отсутствует возможность снятия, но есть пополнение денег (Пополнять) за последние 5 лет",Депозиты и счета,Депозиты/Зарплаты/Анкеты
cnt_manage_5y,numerical,"Количество срочных депозитов, где есть возможносьт и снятия, и пополнения денег (Управлять) за последние 5 лет",Депозиты и счета,Депозиты/Зарплаты/Анкеты
cnt_prolong_max,numerical,Максимальное количество пролонгаций по всем срочным депозитам,Депозиты и счета,Депозиты/Зарплаты/Анкеты
cnt_prolong_max_5y,numerical,"Максимальное количество пролонгаций по всем срочным депозитам, открытым в последние 5 лет",Депозиты и счета,Депозиты/Зарплаты/Анкеты
cnt_save_5y,numerical,"Количество срочных депозитов, где отсутствует возможность снятия и пополнения денег (Сберегать) за последние 5 лет",Депозиты и счета,Депозиты/Зарплаты/Анкеты
cnt_term_g1y,numerical,"Количество срочных депозитов,открытых за последние 5 лет, имеющих фактический срок больше года",Депозиты и счета,Депозиты/Зарплаты/Анкеты
current_work_experience_nm,categorical,Стаж на последнем месте работы,Соцдем,Депозиты/Зарплаты/Анкеты
customer_age,numerical,Возраст заемщика,Соцдем,Депозиты/Зарплаты/Анкеты
dep_avg_term_active,numerical,Средний фактический срок жизни в месяцах по активным срочным депозитам (с учётом пролонгаций),Депозиты и счета,Депозиты/Зарплаты/Анкеты
dep_avg_term_closed,numerical,Средний фактический срок жизни в месяцах по закрытым срочным депозитам (с учётом пролонгаций),Депозиты и счета,Депозиты/Зарплаты/Анкеты
dep_first_close_m,numerical,"Срок (в месяцах), прошедший с даты закрытия первого срочного депозита",Депозиты и счета,Депозиты/Зарплаты/Анкеты
dep_first_open_m,numerical,"Срок (в месяцах), прошедший с даты открытия первого срочного депозита",Депозиты и счета,Депозиты/Зарплаты/Анкеты
dep_last_close_m,numerical,"Срок (в месяцах), прошедший с даты закрытия последнего срочного депозита",Депозиты и счета,Депозиты/Зарплаты/Анкеты
dep_last_open_m,numerical,"Срок (в месяцах), прошедший с даты открытия последнего срочного депозита",Депозиты и счета,Депозиты/Зарплаты/Анкеты
dep_max_d_term,numerical,Максимальный срок срочного вклада (по плановой дате),Депозиты и счета,Депозиты/Зарплаты/Анкеты
dep_min_d_term,numerical,Минимальный срок срочного вклада (по плановой дате),Депозиты и счета,Депозиты/Зарплаты/Анкеты
gender_nm,categorical,Пол,Соцдем,Депозиты/Зарплаты/Анкеты
income_unverified,numerical,Неподтвержденный доход из заявки/анкеты,Соцдем,Депозиты/Зарплаты/Анкеты
income_verified,numerical,Подтвержденный доход из заявки/анкеты,Соцдем,Депозиты/Зарплаты/Анкеты
income_verified_ndfl,numerical,Подтвержденный доход по справке 2-НДФЛ из заявки/анкеты,Соцдем,Депозиты/Зарплаты/Анкеты
income_verified_other,numerical,"Иной подтвержденный доход ('ДОПОЛНИТЕЛЬНЫЙ', 'ПЕНСИЯ', 'СДАЧА В АРЕНДУ', 'АЛИМЕНТЫ',  'СТИПЕНДИИ')",Соцдем,Депозиты/Зарплаты/Анкеты
income_verified_primary_job,numerical,Подтвержденный основной доход,Соцдем,Депозиты/Зарплаты/Анкеты
industry_nm,categorical,Сфера деятельности,Соцдем,Депозиты/Зарплаты/Анкеты
marital_status_nm,categorical,Семейное положение,Соцдем,Депозиты/Зарплаты/Анкеты
max_amt_dep_5y,numerical,"Максимальная сумма (при открытии, в рублях) срочных депозитов (т.е., имеющих срок не ""до востребования""), открытых за последние 5 лет",Депозиты и счета,Депозиты/Зарплаты/Анкеты
max_amt_dep_6m,numerical,"Максимальная сумма (при открытии, в рублях) срочных депозитов (т.е. имеющих срок не ""до востребования""), открытых за последние 6 месяцев",Депозиты и счета,Депозиты/Зарплаты/Анкеты
max_amt_dep_act,numerical,"Максимальная сумма (при открытии, в рублях) активных срочных депозитов, имеющих текущий остаток более 1000 руб.",Депозиты и счета,Депозиты/Зарплаты/Анкеты
max_amt_dep_closed_5y,numerical,"Максимальная сумма (при открытии, в рублях) срочных депозитов, открытых за последние 5 лет , и закрытых на текущий момент",Депозиты и счета,Депозиты/Зарплаты/Анкеты
max_amt_foreign_cur_5y,numerical,"Максимальная сумма (при открытии, в рублях) срочных депозитов в иностранной валюте за последние 5 лет",Депозиты и счета,Депозиты/Зарплаты/Анкеты
max_dep_avg_balance_12month_amt,numerical,"Максимальный остаток по всем счетам клиента за последние 12 мес , в рублях   (по всем счетам)",Депозиты и счета,Депозиты/Зарплаты/Анкеты
max_dep_avg_balance_12month_amt_term,numerical,"Максимальный остаток по срочным депозитам клиента за последние 12 мес , в рублях (только срочные депозиты)",Депозиты и счета,Депозиты/Зарплаты/Анкеты
max_dep_avg_balance_12month_amt_term_savings,numerical,"Максимальный остаток по срочным депозитам  и накопительным счетам  клиента за последние 12 мес , в рублях (срочные+накопительные)",Депозиты и счета,Депозиты/Зарплаты/Анкеты
max_dep_avg_balance_1month_amt,numerical,"Максимальный остаток по всем счетам клиента за последний месяц , в рублях  (по всем счетам)",Депозиты и счета,Депозиты/Зарплаты/Анкеты
max_dep_avg_balance_1month_amt_term,numerical,"Максимальный остаток по срочным депозитам клиента за последний месяц , в рублях  (только срочные депозиты)",Депозиты и счета,Депозиты/Зарплаты/Анкеты
max_dep_avg_balance_1month_amt_term_savings,numerical,"Максимальный остаток по срочным депозитам  и накопительным счетам клиента за последний месяц , в рублях  (срочные+накопительные)",Депозиты и счета,Депозиты/Зарплаты/Анкеты
max_dep_avg_balance_3month_amt,numerical,"Максимальный остаток по всем счетам клиента за последние 3 мес , в рублях  (по всем счетам)",Депозиты и счета,Депозиты/Зарплаты/Анкеты
max_dep_avg_balance_3month_amt_term,numerical,"Максимальный остаток по срочным депозитам клиента за последние 3 мес , в рублях  (только срочные депозиты)",Депозиты и счета,Депозиты/Зарплаты/Анкеты
max_dep_avg_balance_3month_amt_term_savings,numerical,"Максимальный остаток по срочным депозитам  и накопительным счетам клиента за последние 3 мес , в рублях  (только срочные депозиты)",Депозиты и счета,Депозиты/Зарплаты/Анкеты
max_dep_avg_balance_6month_amt,numerical,"Максимальный остаток по всем счетам клиента за последние 6 мес , в рублях  (по всем счетам)",Депозиты и счета,Депозиты/Зарплаты/Анкеты
max_dep_avg_balance_6month_amt_term,numerical,"Максимальный остаток по срочным депозитам клиента за последние 6 мес , в рублях (только срочные депозиты)",Депозиты и счета,Депозиты/Зарплаты/Анкеты
max_dep_avg_balance_6month_amt_term_savings,numerical,"Максимальный остаток по срочным депозитам  и накопительным счетам  клиента за последние 6 мес , в рублях (срочные+накопительные)",Депозиты и счета,Депозиты/Зарплаты/Анкеты
max_max_dep_balance_amt,numerical,Максимальный остаток по всем счетам клиента за последний год (сокращен по причине высокой нагрузки),Депозиты и счета,Депозиты/Зарплаты/Анкеты
max_max_dep_balance_amt_term,numerical,Максимальный остаток по срочным депозитам клиента за последние 3 года,Депозиты и счета,Депозиты/Зарплаты/Анкеты
max_max_dep_balance_amt_term_savings,numerical,Максимальный остаток по срочным депозитам и накопительным счетам клиента за последние 3 года,Депозиты и счета,Депозиты/Зарплаты/Анкеты
max_max_dep_income_amt,numerical,Максимальное пополнение за всю историю договора в рублях (максимальное по всем счетам),Депозиты и счета,Депозиты/Зарплаты/Анкеты
max_max_dep_income_amt_term_savings,numerical,Максимальное пополнение за всю историю договора в рублях (максимальное по срочным депозитам и накопительным счетам),Депозиты и счета,Депозиты/Зарплаты/Анкеты
max_term,numerical,Максимальный фактический срок договора в месяцах среди срочных депозитов,Депозиты и счета,Депозиты/Зарплаты/Анкеты
max_term_50_5y,numerical,"Максимальный фактический срок договора в месяцах (на сумму не менее 50 000 руб.) среди срочных депозитов, открытых за последние 5 лет",Депозиты и счета,Депозиты/Зарплаты/Анкеты
min_amt_term_g1y,numerical,"Минимальная сумма срочного депозита, открытого за последние 5 лет, и имеющего фактический срок больше года",Депозиты и счета,Депозиты/Зарплаты/Анкеты
min_max_dep_balance_amt,numerical,Минимальный остаток по всем счетам клиента за последний год (сокращен по причине высокой нагрузки),Депозиты и счета,Депозиты/Зарплаты/Анкеты
min_max_dep_balance_amt_term,numerical,Минимальный остаток по срочным депозитам клиента за последние 3 года,Депозиты и счета,Депозиты/Зарплаты/Анкеты
min_max_dep_balance_amt_term_savings,numerical,Минимальный остаток по срочным депозитам и накопительным счетам клиента за последние 3 года,Депозиты и счета,Депозиты/Зарплаты/Анкеты
salary_flg,categorical,Флаг зарплатного клиента,Зарплатные начисления,Депозиты/Зарплаты/Анкеты
sum_acc_now,numerical,"Текущая общая сумма (в рублях) бессрочных депозитов (""до востребования"")",Депозиты и счета,Депозиты/Зарплаты/Анкеты
sum_amount_zp_12m,numerical,Сумма зарплатных начислений за последние 12 месяцев,Зарплатные начисления,Депозиты/Зарплаты/Анкеты
sum_amount_zp_1m,numerical,Сумма зарплатных начислений за последний месяц,Зарплатные начисления,Депозиты/Зарплаты/Анкеты
sum_amount_zp_24m,numerical,Сумма зарплатных начислений за последние 24 месяца,Зарплатные начисления,Депозиты/Зарплаты/Анкеты
sum_amount_zp_3m,numerical,Сумма зарплатных начислений за последние 3 месяца,Зарплатные начисления,Депозиты/Зарплаты/Анкеты
sum_amount_zp_6m,numerical,Сумма зарплатных начислений за последние 6 месяцев,Зарплатные начисления,Депозиты/Зарплаты/Анкеты
sum_cnt_zp_12m,numerical,Количество зарплатных начислений за последние 12 месяцев,Зарплатные начисления,Депозиты/Зарплаты/Анкеты
sum_cnt_zp_1m,numerical,Количество зарплатных начислений за последний месяц,Зарплатные начисления,Депозиты/Зарплаты/Анкеты
sum_cnt_zp_24m,numerical,Количество зарплатных начислений за последние 24 месяца,Зарплатные начисления,Депозиты/Зарплаты/Анкеты
sum_cnt_zp_3m,numerical,Количество зарплатных начислений за последние 3 месяца,Зарплатные начисления,Депозиты/Зарплаты/Анкеты
sum_cnt_zp_6m,numerical,Количество зарплатных начислений за последние 6 месяцев,Зарплатные начисления,Депозиты/Зарплаты/Анкеты
sum_dep_expense_12month_amt,numerical,"Суммарные расходные операции в рублях , 12 мес (суммарно по всем счетам)",Депозиты и счета,Депозиты/Зарплаты/Анкеты
sum_dep_expense_12month_amt_term_savings,numerical,"Суммарные расходные операции в рублях , 12 мес (суммарно по срочным депозитам и накопительным счетам)",Депозиты и счета,Депозиты/Зарплаты/Анкеты
sum_dep_expense_1month_amt,numerical,Суммарные расходные операции за последний месяц в рублях (суммарно по всем счетам),Депозиты и счета,Депозиты/Зарплаты/Анкеты
sum_dep_expense_1month_amt_term_savings,numerical,Суммарные расходные операции за последний месяц в рублях (суммарно по срочным депозитам и накопительным счетам),Депозиты и счета,Депозиты/Зарплаты/Анкеты
sum_dep_expense_3month_amt,numerical,Суммарные расходные операции за последние 3 месяца (суммарно по всем счетам),Депозиты и счета,Депозиты/Зарплаты/Анкеты
sum_dep_expense_3month_amt_term_savings,numerical,Суммарные расходные операции за последние 3 месяца (суммарно по срочным депозитам и накопительным счетам),Депозиты и счета,Депозиты/Зарплаты/Анкеты
sum_dep_expense_6month_amt,numerical,"Суммарные расходные операции в рублях , 6 мес (суммарно по всем счетам)",Депозиты и счета,Депозиты/Зарплаты/Анкеты
sum_dep_expense_6month_amt_term_savings,numerical,"Суммарные расходные операции в рублях , 6 мес (суммарно по срочным депозитам и накопительным счетам)",Депозиты и счета,Депозиты/Зарплаты/Анкеты
sum_dep_income_12month_amt,numerical,Суммарные поступления в рублях за 12 месяцев (суммарно по всем счетам),Депозиты и счета,Депозиты/Зарплаты/Анкеты
sum_dep_income_12month_amt_term_savings,numerical,Суммарные поступления в рублях за 12 месяцев (суммарно по срочным депозитам и накопительным счетам),Депозиты и счета,Депозиты/Зарплаты/Анкеты
sum_dep_income_1month_amt,numerical,Суммарные поступления в рублях за предыдущий месяц (суммарно по всем счетам),Депозиты и счета,Депозиты/Зарплаты/Анкеты
sum_dep_income_1month_amt_term_savings,numerical,Суммарные поступления в рублях за предыдущий месяц (суммарно по срочным депозитам и накопительным счетам),Депозиты и счета,Депозиты/Зарплаты/Анкеты
sum_dep_income_3month_amt,numerical,Суммарные поступления в рублях за 12 месяцев (суммарно по всем счетам),Депозиты и счета,Депозиты/Зарплаты/Анкеты
sum_dep_income_3month_amt_term_savings,numerical,Суммарные поступления в рублях за 12 месяцев (суммарно по срочным депозитам и накопительным счетам),Депозиты и счета,Депозиты/Зарплаты/Анкеты
sum_dep_income_6month_amt,numerical,Суммарные поступления в рублях за 12 месяцев (суммарно по всем счетам),Депозиты и счета,Депозиты/Зарплаты/Анкеты
sum_dep_income_6month_amt_term_savings,numerical,Суммарные поступления в рублях за 12 месяцев (суммарно по срочным депозитам и накопительным счетам),Депозиты и счета,Депозиты/Зарплаты/Анкеты
sum_dep_now,numerical,Текущая общая сумма (в рублях) срочных депозитов,Депозиты и счета,Депозиты/Зарплаты/Анкеты
total_work_experience_nm,categorical,Общий стаж работы,Соцдем,Депозиты/Зарплаты/Анкеты
used_car_flg,categorical,Флаг БУ авто,Соцдем,Депозиты/Зарплаты/Анкеты
vehicle_counrty_type_nm,categorical,Иномарка/Отечественная,Соцдем,Депозиты/Зарплаты/Анкеты
zp_first_month,numerical,Количество месяцев с первого зп начисления,Зарплатные начисления,Депозиты/Зарплаты/Анкеты
zp_first_month_12m,numerical,Количество месяцев с первого зп начисления за последние 12 месяцев,Зарплатные начисления,Депозиты/Зарплаты/Анкеты
zp_first_month_24m,numerical,Количество месяцев с первого зп начисления за последние 24 месяца,Зарплатные начисления,Депозиты/Зарплаты/Анкеты
zp_first_month_6m,numerical,Количество месяцев с первого зп начисления за последние 6 месяцев,Зарплатные начисления,Депозиты/Зарплаты/Анкеты
zp_last_month,numerical,Количество месяцев с последнего зп начисления,Зарплатные начисления,Депозиты/Зарплаты/Анкеты
zp_all_mean_1month,numerical,Отношение средней заработной платы клиента к средней зарплате всех активных клиентов банка за 1 месяцев до отчетной даты. Флаг активности считаем на отчетную дату.,"Переводы, доходы и расходы",Зарплата
zp_region_mean_1month,numerical,"Отношение средней заработной платы клиента к средней зарплате активных клиентов банка, проживающих в регионе проживания клиента за 1 месяцев до отчетной даты. Флаг активности считаем на отчетную дату.","Переводы, доходы и расходы",Зарплата
zp_payments_1month,numerical,Отношение суммарных поступлений заработной платы клиенту ко всем расходным транзакциям клиента за 1 месяцев до отчетной даты,"Переводы, доходы и расходы",Зарплата
zp_inputs_all_1month,numerical,Отношение суммарных поступлений заработной платы клиенту к сумме всех поступлений клиенту за 1 месяцев до отчетной даты,"Переводы, доходы и расходы",Зарплата
zp_flag_2month,categorical,"Факт того, что клиенту начислялась хотя бы одна заработная плата в теченеие 2 месяцев до отчетной даты","Переводы, доходы и расходы",Зарплата
zp_mean_2month,numerical,Средняя заработная плата клиента за 2 месяцев до отчетной даты,"Переводы, доходы и расходы",Зарплата
zp_all_mean_2month,numerical,Отношение средней заработной платы клиента к средней зарплате всех активных клиентов банка за 2 месяцев до отчетной даты. Флаг активности считаем на отчетную дату.,"Переводы, доходы и расходы",Зарплата
zp_region_mean_2month,numerical,"Отношение средней заработной платы клиента к средней зарплате активных клиентов банка, проживающих в регионе проживания клиента за 2 месяцев до отчетной даты. Флаг активности считаем на отчетную дату.","Переводы, доходы и расходы",Зарплата
zp_payments_2month,numerical,Отношение суммарных поступлений заработной платы клиенту ко всем расходным транзакциям клиента за 2 месяцев до отчетной даты,"Переводы, доходы и расходы",Зарплата
zp_inputs_all_2month,numerical,Отношение суммарных поступлений заработной платы клиенту к сумме всех поступлений клиенту за 2 месяцев до отчетной даты,"Переводы, доходы и расходы",Зарплата
zp_flag_3month,categorical,"Факт того, что клиенту начислялась хотя бы одна заработная плата в теченеие 3 месяцев до отчетной даты","Переводы, доходы и расходы",Зарплата
zp_mean_3month,numerical,Средняя заработная плата клиента за 3 месяцев до отчетной даты,"Переводы, доходы и расходы",Зарплата
zp_all_mean_3month,numerical,Отношение средней заработной платы клиента к средней зарплате всех активных клиентов банка за 3 месяцев до отчетной даты. Флаг активности считаем на отчетную дату.,"Переводы, доходы и расходы",Зарплата
zp_region_mean_3month,numerical,"Отношение средней заработной платы клиента к средней зарплате активных клиентов банка, проживающих в регионе проживания клиента за 3 месяцев до отчетной даты. Флаг активности считаем на отчетную дату.","Переводы, доходы и расходы",Зарплата
zp_payments_3month,numerical,Отношение суммарных поступлений заработной платы клиенту ко всем расходным транзакциям клиента за 3 месяцев до отчетной даты,"Переводы, доходы и расходы",Зарплата
zp_inputs_all_3month,numerical,Отношение суммарных поступлений заработной платы клиенту к сумме всех поступлений клиенту за 3 месяцев до отчетной даты,"Переводы, доходы и расходы",Зарплата
zp_flag_6month,categorical,"Факт того, что клиенту начислялась хотя бы одна заработная плата в теченеие 6 месяцев до отчетной даты","Переводы, доходы и расходы",Зарплата
zp_mean_6month,numerical,Средняя заработная плата клиента за 6 месяцев до отчетной даты,"Переводы, доходы и расходы",Зарплата
zp_all_mean_6month,numerical,Отношение средней заработной платы клиента к средней зарплате всех активных клиентов банка за 6 месяцев до отчетной даты. Флаг активности считаем на отчетную дату.,"Переводы, доходы и расходы",Зарплата
zp_region_mean_6month,numerical,"Отношение средней заработной платы клиента к средней зарплате активных клиентов банка, проживающих в регионе проживания клиента за 6 месяцев до отчетной даты. Флаг активности считаем на отчетную дату.","Переводы, доходы и расходы",Зарплата
zp_payments_6month,numerical,Отношение суммарных поступлений заработной платы клиенту ко всем расходным транзакциям клиента за 6 месяцев до отчетной даты,"Переводы, доходы и расходы",Зарплата
zp_inputs_all_6month,numerical,Отношение суммарных поступлений заработной платы клиенту к сумме всех поступлений клиенту за 6 месяцев до отчетной даты,"Переводы, доходы и расходы",Зарплата
zp_flag_9month,categorical,"Факт того, что клиенту начислялась хотя бы одна заработная плата в теченеие 9 месяцев до отчетной даты","Переводы, доходы и расходы",Зарплата
zp_mean_9month,numerical,Средняя заработная плата клиента за 9 месяцев до отчетной даты,"Переводы, доходы и расходы",Зарплата
zp_all_mean_9month,numerical,Отношение средней заработной платы клиента к средней зарплате всех активных клиентов банка за 9 месяцев до отчетной даты. Флаг активности считаем на отчетную дату.,"Переводы, доходы и расходы",Зарплата
zp_region_mean_9month,numerical,"Отношение средней заработной платы клиента к средней зарплате активных клиентов банка, проживающих в регионе проживания клиента за 9 месяцев до отчетной даты. Флаг активности считаем на отчетную дату.","Переводы, доходы и расходы",Зарплата
zp_payments_9month,numerical,Отношение суммарных поступлений заработной платы клиенту ко всем расходным транзакциям клиента за 9 месяцев до отчетной даты,"Переводы, доходы и расходы",Зарплата
zp_inputs_all_9month,numerical,Отношение суммарных поступлений заработной платы клиенту к сумме всех поступлений клиенту за 9 месяцев до отчетной даты,"Переводы, доходы и расходы",Зарплата
zp_flag_12month,categorical,"Факт того, что клиенту начислялась хотя бы одна заработная плата в теченеие 12 месяцев до отчетной даты","Переводы, доходы и расходы",Зарплата
zp_mean_12month,numerical,Средняя заработная плата клиента за 12 месяцев до отчетной даты,"Переводы, доходы и расходы",Зарплата
zp_all_mean_12month,numerical,Отношение средней заработной платы клиента к средней зарплате всех активных клиентов банка за 12 месяцев до отчетной даты. Флаг активности считаем на отчетную дату.,"Переводы, доходы и расходы",Зарплата
zp_region_mean_12month,numerical,"Отношение средней заработной платы клиента к средней зарплате активных клиентов банка, проживающих в регионе проживания клиента за 12 месяцев до отчетной даты. Флаг активности считаем на отчетную дату.","Переводы, доходы и расходы",Зарплата
zp_payments_12month,numerical,Отношение суммарных поступлений заработной платы клиенту ко всем расходным транзакциям клиента за 12 месяцев до отчетной даты,"Переводы, доходы и расходы",Зарплата
zp_inputs_all_12month,numerical,Отношение суммарных поступлений заработной платы клиенту к сумме всех поступлений клиенту за 12 месяцев до отчетной даты,"Переводы, доходы и расходы",Зарплата
zp_flag_18month,categorical,"Факт того, что клиенту начислялась хотя бы одна заработная плата в теченеие 18 месяцев до отчетной даты","Переводы, доходы и расходы",Зарплата
zp_mean_18month,numerical,Средняя заработная плата клиента за 18 месяцев до отчетной даты,"Переводы, доходы и расходы",Зарплата
zp_all_mean_18month,numerical,Отношение средней заработной платы клиента к средней зарплате всех активных клиентов банка за 18 месяцев до отчетной даты. Флаг активности считаем на отчетную дату.,"Переводы, доходы и расходы",Зарплата
zp_region_mean_18month,numerical,"Отношение средней заработной платы клиента к средней зарплате активных клиентов банка, проживающих в регионе проживания клиента за 18 месяцев до отчетной даты. Флаг активности считаем на отчетную дату.","Переводы, доходы и расходы",Зарплата
zp_payments_18month,numerical,Отношение суммарных поступлений заработной платы клиенту ко всем расходным транзакциям клиента за 18 месяцев до отчетной даты,"Переводы, доходы и расходы",Зарплата
zp_inputs_all_18month,numerical,Отношение суммарных поступлений заработной платы клиенту к сумме всех поступлений клиенту за 18 месяцев до отчетной даты,"Переводы, доходы и расходы",Зарплата
zp_flag_24month,categorical,"Факт того, что клиенту начислялась хотя бы одна заработная плата в теченеие 24 месяцев до отчетной даты","Переводы, доходы и расходы",Зарплата
zp_mean_24month,numerical,Средняя заработная плата клиента за 24 месяцев до отчетной даты,"Переводы, доходы и расходы",Зарплата
zp_all_mean_24month,numerical,Отношение средней заработной платы клиента к средней зарплате всех активных клиентов банка за 24 месяцев до отчетной даты. Флаг активности считаем на отчетную дату.,"Переводы, доходы и расходы",Зарплата
zp_region_mean_24month,numerical,"Отношение средней заработной платы клиента к средней зарплате активных клиентов банка, проживающих в регионе проживания клиента за 24 месяцев до отчетной даты. Флаг активности считаем на отчетную дату.","Переводы, доходы и расходы",Зарплата
zp_payments_24month,numerical,Отношение суммарных поступлений заработной платы клиенту ко всем расходным транзакциям клиента за 24 месяцев до отчетной даты,"Переводы, доходы и расходы",Зарплата
zp_inputs_all_24month,numerical,Отношение суммарных поступлений заработной платы клиенту к сумме всех поступлений клиенту за 24 месяцев до отчетной даты,"Переводы, доходы и расходы",Зарплата
savings_sum_dep_now,numerical,Суммарный остаток по продукту Deposit на отчетную дату,Модели сбережений,DEPOSIT
savings_sum_dep_1m,numerical,Суммарный остаток по продукту Deposit на отчетную дату минус 1 месяц,Модели сбережений,DEPOSIT
savings_sum_dep_2m,numerical,Суммарный остаток по продукту Deposit на отчетную дату минус 2 месяца,Модели сбережений,DEPOSIT
savings_sum_dep_3m,numerical,Суммарный остаток по продукту Deposit на отчетную дату минус 3 месяца,Модели сбережений,DEPOSIT
savings_sum_dep_6m,numerical,Суммарный остаток по продукту Deposit на отчетную дату минус 6 месяцев,Модели сбережений,DEPOSIT
savings_sum_dep_9m,numerical,Суммарный остаток по продукту Deposit на отчетную дату минус 9 месяцев,Модели сбережений,DEPOSIT
savings_sum_dep_12m,numerical,Суммарный остаток по продукту Deposit на отчетную дату минус 12 месяцев,Модели сбережений,DEPOSIT
savings_avg_dep_1m,numerical,Средний баланс по продукту Deposit за 1 последний месяц до отчетной даты,Модели сбережений,DEPOSIT
savings_avg_dep_3m,numerical,Средний баланс по продукту Deposit за 3 последних месяца до отчетной даты,Модели сбережений,DEPOSIT
savings_avg_dep_6m,numerical,Средний баланс по продукту Deposit за 6 последних месяцев до отчетной даты,Модели сбережений,DEPOSIT
savings_avg_dep_9m,numerical,Средний баланс по продукту Deposit за 9 последних месяцев до отчетной даты,Модели сбережений,DEPOSIT
savings_avg_dep_12m,numerical,Средний баланс по продукту Deposit за 12 последних месяца до отчетной даты,Модели сбережений,DEPOSIT
savings_sum_dep_credit_1m,numerical,Сумма поступлений денежных средств на счета с продуктом Deposit за 1 месяц до отчетной даты,Модели сбережений,DEPOSIT
savings_sum_dep_credit_3m,numerical,Сумма поступлений денежных средств на счета с продуктом Deposit за 3 последних месяца до отчетной даты,Модели сбережений,DEPOSIT
savings_sum_dep_credit_6m,numerical,Сумма поступлений денежных средств на счета с продуктом Deposit за 6 последних месяца до отчетной даты,Модели сбережений,DEPOSIT
savings_sum_dep_credit_9m,numerical,Сумма поступлений денежных средств на счета с продуктом Deposit за 9 последних месяца до отчетной даты,Модели сбережений,DEPOSIT
savings_sum_dep_credit_12m,numerical,Сумма поступлений денежных средств на счета с продуктом Deposit за 12 последних месяцев до отчетной даты,Модели сбережений,DEPOSIT
savings_sum_dep_debet_1m,numerical,Сумма списаний денежных средств со счетов с продуктом Deposit за 1 месяц до отчетной даты,Модели сбережений,DEPOSIT
savings_sum_dep_debet_3m,numerical,Сумма списаний денежных средств со счетов с продуктом Deposit за 3 последних месяца до отчетной даты,Модели сбережений,DEPOSIT
savings_sum_dep_debet_6m,numerical,Сумма списаний денежных средств со счетов с продуктом Deposit за 6 последних месяца до отчетной даты,Модели сбережений,DEPOSIT
savings_sum_dep_debet_9m,numerical,Сумма списаний денежных средств со счетов с продуктом Deposit за 9 последних месяца до отчетной даты,Модели сбережений,DEPOSIT
savings_sum_dep_debet_12m,numerical,Сумма списаний денежных средств со счетов с продуктом Deposit за 12 последних месяцев до отчетной даты,Модели сбережений,DEPOSIT
savings_sum_dep_topup_1m,numerical,"Сумма пополнений (т.е. не открытие новых вкладов, а пополнение уже открытых) счетов с продуктом Deposit за 1 месяц до отчетной даты",Модели сбережений,DEPOSIT
savings_sum_dep_topup_3m,numerical,Сумма пополнений счетов с продуктом Deposit за 3 последних месяца до отчетной даты,Модели сбережений,DEPOSIT
savings_sum_dep_topup_6m,numerical,Сумма пополнений счетов с продуктом Deposit за 6 последних месяца до отчетной даты,Модели сбережений,DEPOSIT
savings_sum_dep_topup_9m,numerical,Сумма пополнений счетов с продуктом Deposit за 9 последних месяца до отчетной даты,Модели сбережений,DEPOSIT
savings_sum_dep_topup_12m,numerical,Сумма пополнений счетов с продуктом Deposit за 12 последних месяцев до отчетной даты,Модели сбережений,DEPOSIT
savings_sum_dep_withdrawal_1m,numerical,Сумма досрочных списаний (т.е. без закрытия договора вклада) денежных средств со счетов с продуктом Deposit за 1 месяц до отчетной даты,Модели сбережений,DEPOSIT
savings_sum_dep_withdrawal_3m,numerical,Сумма досрочных списаний денежных средств со счетов с продуктом Deposit за 3 последних месяца до отчетной даты,Модели сбережений,DEPOSIT
savings_sum_dep_withdrawal_6m,numerical,Сумма досрочных списаний денежных средств со счетов с продуктом Deposit за 6 последних месяца до отчетной даты,Модели сбережений,DEPOSIT
savings_sum_dep_withdrawal_9m,numerical,Сумма досрочных списаний денежных средств со счетов с продуктом Deposit за 9 последних месяца до отчетной даты,Модели сбережений,DEPOSIT
savings_sum_dep_withdrawal_12m,numerical,Сумма досрочных списаний денежных средств со счетов с продуктом Deposit за 12 последних месяцев до отчетной даты,Модели сбережений,DEPOSIT
savings_sum_sa_now,numerical,Суммарный остаток по продукту Save_account  на отчетную дату,Модели сбережений,SAVE ACCOUNT
savings_sum_sa_1m,numerical,Суммарный остаток по продукту Save_account  на отчетную дату минус 1 месяц,Модели сбережений,SAVE ACCOUNT
savings_sum_sa_2m,numerical,Суммарный остаток по продукту Save_account  на отчетную дату минус 2 месяца,Модели сбережений,SAVE ACCOUNT
savings_sum_sa_3m,numerical,Суммарный остаток по продукту Save_account  на отчетную дату минус 3 месяца,Модели сбережений,SAVE ACCOUNT
savings_sum_sa_6m,numerical,Суммарный остаток по продукту Save_account  на отчетную дату минус 6 месяцев,Модели сбережений,SAVE ACCOUNT
savings_sum_sa_9m,numerical,Суммарный остаток по продукту Save_account  на отчетную дату минус 9 месяцев,Модели сбережений,SAVE ACCOUNT
savings_sum_sa_12m,numerical,Суммарный остаток по продукту Save_account  на отчетную дату минус 12 месяцев,Модели сбережений,SAVE ACCOUNT
savings_avg_sa_1m,numerical,Средний баланс по продукту Save_account  за 1 последний месяц до отчетной даты,Модели сбережений,SAVE ACCOUNT
savings_avg_sa_3m,numerical,Средний баланс по продукту Save_account  за 3 последних месяца до отчетной даты,Модели сбережений,SAVE ACCOUNT
savings_avg_sa_6m,numerical,Средний баланс по продукту Save_account  за 6 последних месяцев до отчетной даты,Модели сбережений,SAVE ACCOUNT
savings_avg_sa_9m,numerical,Средний баланс по продукту Save_account  за 9 последних месяцев до отчетной даты,Модели сбережений,SAVE ACCOUNT
savings_avg_sa_12m,numerical,Средний баланс по продукту Save_account  за 12 последних месяцев до отчетной даты,Модели сбережений,SAVE ACCOUNT
savings_sum_sa_credit_1m,numerical,Сумма поступлений денежных средств на счета с продуктом Save_account  за 1 месяц до отчетной даты,Модели сбережений,SAVE ACCOUNT
savings_sum_sa_credit_3m,numerical,Сумма поступлений денежных средств на счета с продуктом Save_account  за 3 последних месяца до отчетной даты,Модели сбережений,SAVE ACCOUNT
savings_sum_sa_credit_6m,numerical,Сумма поступлений денежных средств на счета с продуктом Save_account  за 6 последних месяца до отчетной даты,Модели сбережений,SAVE ACCOUNT
savings_sum_sa_credit_9m,numerical,Сумма поступлений денежных средств на счета с продуктом Save_account  за 9 последних месяцев до отчетной даты,Модели сбережений,SAVE ACCOUNT
savings_sum_sa_credit_12m,numerical,Сумма поступлений денежных средств на счета с продуктом Save_account  за 12 последних месяцев до отчетной даты,Модели сбережений,SAVE ACCOUNT
savings_sum_sa_debet_1m,numerical,Сумма списаний денежных средств со счетов с продуктом Save_account  за 1 месяц до отчетной даты,Модели сбережений,SAVE ACCOUNT
savings_sum_sa_debet_3m,numerical,Сумма списаний денежных средств со счетов с продуктом Save_account  за 3 последних месяца до отчетной даты,Модели сбережений,SAVE ACCOUNT
savings_sum_sa_debet_6m,numerical,Сумма списаний денежных средств со счетов с продуктом Save_account  за 6 последних месяца до отчетной даты,Модели сбережений,SAVE ACCOUNT
savings_sum_sa_debet_9m,numerical,Сумма списаний денежных средств со счетов с продуктом Save_account  за 9 последних месяцев до отчетной даты,Модели сбережений,SAVE ACCOUNT
savings_sum_sa_debet_12m,numerical,Сумма списаний денежных средств со счетов с продуктом Save_account  за 12 последних месяцев до отчетной даты,Модели сбережений,SAVE ACCOUNT
savings_sum_bro_now,numerical,Суммарный остаток по продукту инвест. (брокерские счета + ИИС)  на отчетную дату,Модели сбережений,BROKER
savings_sum_bro_1m,numerical,Суммарный остаток по продукту инвест. (брокерские счета + ИИС)  на отчетную дату минус 1 месяц,Модели сбережений,BROKER
savings_sum_bro_2m,numerical,Суммарный остаток по продукту инвест. (брокерские счета + ИИС)  на отчетную дату минус 2 месяца,Модели сбережений,BROKER
savings_sum_bro_3m,numerical,Суммарный остаток по продукту инвест. (брокерские счета + ИИС)  на отчетную дату минус 3 месяца,Модели сбережений,BROKER
savings_sum_bro_6m,numerical,Суммарный остаток по продукту инвест. (брокерские счета + ИИС)  на отчетную дату минус 6 месяцев,Модели сбережений,BROKER
savings_sum_bro_9m,numerical,Суммарный остаток по продукту инвест. (брокерские счета + ИИС)  на отчетную дату минус 9 месяцев,Модели сбережений,BROKER
savings_sum_bro_12m,numerical,Суммарный остаток по продукту инвест. (брокерские счета + ИИС)  на отчетную дату минус 12 месяцев,Модели сбережений,BROKER
savings_avg_bro_1m,numerical,Средний баланс по продукту инвест. (брокерские счета + ИИС)  за 1 последний месяц до отчетной даты,Модели сбережений,BROKER
savings_avg_bro_3m,numerical,Средний баланс по продукту инвест. (брокерские счета + ИИС)  за 3 последних месяца до отчетной даты,Модели сбережений,BROKER
savings_avg_bro_6m,numerical,Средний баланс по продукту инвест. (брокерские счета + ИИС)  за 6 последних месяцев до отчетной даты,Модели сбережений,BROKER
savings_avg_bro_9m,numerical,Средний баланс по продукту инвест. (брокерские счета + ИИС)  за 9 последних месяцев до отчетной даты,Модели сбережений,BROKER
savings_avg_bro_12m,numerical,Средний баланс по продукту инвест. (брокерские счета + ИИС)  за 12 последних месяцев до отчетной даты,Модели сбережений,BROKER
savings_sum_bro_credit_1m,numerical,Сумма поступлений денежных средств на счета с продуктом инвест. (брокерские счета + ИИС)  за 1 месяц до отчетной даты,Модели сбережений,BROKER
savings_sum_bro_credit_3m,numerical,Сумма поступлений денежных средств на счета с продуктом инвест. (брокерские счета + ИИС)  за 3 последних месяцев до отчетной даты,Модели сбережений,BROKER
savings_sum_bro_credit_6m,numerical,Сумма поступлений денежных средств на счета с продуктом инвест. (брокерские счета + ИИС)  за 6 последних месяцев до отчетной даты,Модели сбережений,BROKER
savings_sum_bro_credit_9m,numerical,Сумма поступлений денежных средств на счета с продуктом инвест. (брокерские счета + ИИС)  за 9 последних месяцев до отчетной даты,Модели сбережений,BROKER
savings_sum_bro_credit_12m,numerical,Сумма поступлений денежных средств на счета с продуктом инвест. (брокерские счета + ИИС)  за 12 последних месяцев до отчетной даты,Модели сбережений,BROKER
savings_sum_bro_debet_1m,numerical,Сумма списаний денежных средств со счетов с продуктом инвест. (брокерские счета + ИИС)  за 1 месяц до отчетной даты,Модели сбережений,BROKER
savings_sum_bro_debet_3m,numerical,Сумма списаний денежных средств со счетов с продуктом инвест. (брокерские счета + ИИС)  за 3 последних месяцев до отчетной даты,Модели сбережений,BROKER
savings_sum_bro_debet_6m,numerical,Сумма списаний денежных средств со счетов с продуктом инвест. (брокерские счета + ИИС)  за 6 последних месяцев до отчетной даты,Модели сбережений,BROKER
savings_sum_bro_debet_9m,numerical,Сумма списаний денежных средств со счетов с продуктом инвест. (брокерские счета + ИИС)  за 9 последних месяцев до отчетной даты,Модели сбережений,BROKER
savings_sum_bro_debet_12m,numerical,Сумма списаний денежных средств со счетов с продуктом инвест. (брокерские счета + ИИС)  за 12 последних месяцев до отчетной даты,Модели сбережений,BROKER
savings_sum_oms_now,numerical,Суммарный остаток по продукту ОМС на отчетную дату,Модели сбережений,OMS
savings_sum_oms_1m,numerical,Суммарный остаток по продукту ОМС на отчетную дату минус 1 месяц,Модели сбережений,OMS
savings_sum_oms_2m,numerical,Суммарный остаток по продукту ОМС на отчетную дату минус 2 месяца,Модели сбережений,OMS
savings_sum_oms_3m,numerical,Суммарный остаток по продукту ОМС на отчетную дату минус 3 месяца,Модели сбережений,OMS
savings_sum_oms_6m,numerical,Суммарный остаток по продукту ОМС на отчетную дату минус 6 месяцев,Модели сбережений,OMS
savings_sum_oms_9m,numerical,Суммарный остаток по продукту ОМС на отчетную дату минус 9 месяцев,Модели сбережений,OMS
savings_sum_oms_12m,numerical,Суммарный остаток по продукту ОМС на отчетную дату минус 12 месяцев,Модели сбережений,OMS
savings_avg_oms_1m,numerical,Средний баланс по продукту ОМС за 1 последний месяц до отчетной даты,Модели сбережений,OMS
savings_avg_oms_3m,numerical,Средний баланс по продукту ОМС за 3 последних месяца до отчетной даты,Модели сбережений,OMS
savings_avg_oms_6m,numerical,Средний баланс по продукту ОМС за 6 последних месяцев до отчетной даты,Модели сбережений,OMS
savings_avg_oms_9m,numerical,Средний баланс по продукту ОМС за 9 последних месяцев до отчетной даты,Модели сбережений,OMS
savings_avg_oms_12m,numerical,Средний баланс по продукту ОМС за 12 последних месяцев до отчетной даты,Модели сбережений,OMS
savings_sum_oms_credit_1m,numerical,Сумма поступлений денежных средств на счета с продуктом ОМС за 1 месяц до отчетной даты,Модели сбережений,OMS
savings_sum_oms_credit_3m,numerical,Сумма поступлений денежных средств на счета с продуктом ОМС за 3 последних месяца до отчетной даты,Модели сбережений,OMS
savings_sum_oms_credit_6m,numerical,Сумма поступлений денежных средств на счета с продуктом ОМС за 6 последних месяцев до отчетной даты,Модели сбережений,OMS
savings_sum_oms_credit_9m,numerical,Сумма поступлений денежных средств на счета с продуктом ОМС за 9 последних месяцев до отчетной даты,Модели сбережений,OMS
savings_sum_oms_credit_12m,numerical,Сумма поступлений денежных средств на счета с продуктом ОМС за 12 последних месяцев до отчетной даты,Модели сбережений,OMS
savings_sum_oms_debet_1m,numerical,Сумма списаний денежных средств со счетов с продуктом ОМС за 1 месяц до отчетной даты,Модели сбережений,OMS
savings_sum_oms_debet_3m,numerical,Сумма списаний денежных средств со счетов с продуктом ОМС за 3 последних месяца до отчетной даты,Модели сбережений,OMS
savings_sum_oms_debet_6m,numerical,Сумма списаний денежных средств со счетов с продуктом ОМС за 6 последних месяцев до отчетной даты,Модели сбережений,OMS
savings_sum_oms_debet_9m,numerical,Сумма списаний денежных средств со счетов с продуктом ОМС за 9 последних месяцев до отчетной даты,Модели сбережений,OMS
savings_sum_oms_debet_12m,numerical,Сумма списаний денежных средств со счетов с продуктом ОМС за 12 последних месяцев до отчетной даты,Модели сбережений,OMS
savings_service_model_cd,categorical,Категория клиента (Прайм/Привилегия/Массовый) на отчетную дату,Модели сбережений,
savings_pension_flg,categorical,"Флаг, получает ли клиент пенсию в ВТБ на отчетную дату",Модели сбережений,
savings_deposit_flg,categorical,"Флаг наличия хотя бы одного открытого счета по продукту DEPOSIT на отчетную дату. Методику определения продуктов см. на вкладке ""Определение продуктов""",Модели сбережений,DEPOSIT
savings_safe_acc_flg,categorical,"Флаг наличия хотя бы одного открытого счета по продукту SAFE_ACCOUNT на отчетную дату. Методику определения продуктов см. на вкладке ""Определение продуктов""",Модели сбережений,SAVE ACCOUNT
savings_broker_flg,categorical,"Флаг наличия хотя бы одного открытого счета по продукту INVEST на отчетную дату. Методику определения продуктов см. на вкладке ""Определение продуктов""",Модели сбережений,BROKER
savings_oms_flg,categorical,"Флаг наличия хотя бы одного открытого счета по продукту OMS на отчетную дату. Методику определения продуктов см. на вкладке ""Определение продуктов""",Модели сбережений,OMS
